2,29,UFA,"$37,980,720 ","$37,980,720 ",2019,34,8.4,18,0.467,3.1,7.7,0.402,5.3,10.3,0.516,0.553,1.7,2,0.816,0.5,3.4,3.8,2.4,1.1,0.6,1.5,2,21.5
3,27,UFA,"$36,000,000 ","$36,000,000 ",2019,34.7,7.5,15.3,0.487,1.9,4.8,0.397,5.5,10.5,0.528,0.549,3.2,3.7,0.866,0.8,7,7.9,2.8,0.6,0.5,1.8,2.2,20
3,28,UFA,"$35,500,000 ","$35,500,000 ",2019,31.1,6.6,14.9,0.441,2.3,6.2,0.378,4.2,8.8,0.485,0.519,2.8,3.4,0.837,0.6,5.3,6,4.3,1,0.1,2.3,2.2,18.3
3,31,UFA,"$41,063,925 ","$41,063,925 ",2019,34.6,9.2,17.7,0.521,1.8,5,0.353,7.5,12.8,0.587,0.571,5.7,6.5,0.885,0.4,5.9,6.4,5.9,0.7,1.1,2.9,2,26
1,29,UFA,"$35,197,650 ","$35,197,650 ",2019,34.9,8.9,20.5,0.434,3.2,8.9,0.356,5.7,11.6,0.494,0.511,4.6,5.5,0.844,0.6,3.8,4.4,5.9,1.2,0.4,2.6,1.6,25.6
2,30,UFA,"$35,197,650 ","$35,197,650 ",2019,33.6,6.4,13.9,0.462,1,3,0.347,5.4,10.9,0.494,0.499,4.8,5.6,0.855,1.9,3.4,5.3,4,1.9,0.6,1.5,1.7,18.7
1,27,UFA,"$34,122,650 ","$34,122,650 ",2019,33,9,18.5,0.487,2.6,6.5,0.401,6.4,12,0.533,0.557,3.2,3.7,0.873,1.1,3.9,5,6.9,1.5,0.5,2.6,2.5,23.8
1,23,RFA,"$29,331,375 ","$29,331,375 ",2019,30.2,8.1,18.7,0.434,2.9,7.8,0.369,5.2,10.9,0.482,0.512,2,2.5,0.78,0.7,3.2,3.9,7,1.2,0.2,3.1,1.7,21.1
5,33,UFA,"$27,250,000 ","$27,250,000 ",2019,34,8.4,18,0.467,3.1,7.7,0.402,5.3,10.3,0.516,0.553,1.7,2,0.816,0.5,3.4,3.8,2.4,1.1,0.6,1.5,2,21.5
3,28,UFA,"$34,379,100 ","$34,379,100 ",2019,34,9.3,18.8,0.496,1.9,5,0.371,7.5,13.8,0.542,0.546,6.1,7.1,0.854,1.3,6,7.3,3.3,1.8,0.4,2,1.5,26.6
5,28,UFA,"$25,000,000 ","$25,000,000 ",2019,31.4,8.8,16.9,0.518,1.1,2.9,0.364,7.7,14,0.549,0.549,2.2,2.8,0.789,2.8,9.2,12,3.8,1,1.1,2,2,20.8
3,27,UFA,"$21,250,000 ","$21,250,000 ",2019,32.9,5.6,13.3,0.42,2.3,5.7,0.395,3.3,7.6,0.439,0.504,3,3.6,0.824,0.7,3.9,4.7,1.5,0.6,0.2,1.3,1.6,16.4
1,26,RFA,"$21,250,000 ","$21,250,000 ",2019,28.6,5.9,11.7,0.505,1.6,3.8,0.426,4.3,7.9,0.544,0.575,2.2,2.4,0.928,1,3.5,4.5,3.2,0.7,0.2,1.4,1.6,15.6
3,30,UFA,"$18,275,000 ","$18,275,000 ",2019,31.8,6.4,13,0.497,2,4.8,0.425,4.4,8.2,0.538,0.575,3,3.8,0.807,0.4,3.7,4.1,2,0.9,0,1.7,1.7,18
4,24,UFA,"$20,700,000 ","$20,700,000 ",2019,30.6,7.8,14.9,0.524,0.9,2.7,0.344,6.9,12.2,0.564,0.555,4.9,6.7,0.731,2.2,6.5,8.7,3.1,0.7,0.6,2.8,3.4,21.4
1,25,RFA,"$18,900,000 ","$18,900,000 ",2019,22.7,3.3,8.4,0.387,1.5,4.3,0.353,1.8,4.2,0.422,0.477,0.9,1.2,0.785,0.4,3.5,3.9,2.9,0.9,0.3,0.9,1.3,9
2,28,UFA,"$13,500,000 ","$13,500,000 ",2019,26.5,5.4,12.7,0.428,2.7,7,0.383,2.8,5.7,0.484,0.534,1.6,1.8,0.875,0.3,3.1,3.5,1.7,0.9,0.4,1.1,1.5,15.1
5,31,UFA,"$13,000,000 ","$13,000,000 ",2019,28.7,4.4,9.7,0.452,2.3,6.3,0.365,2.1,3.4,0.613,0.571,1.4,1.6,0.842,0.4,4.5,4.9,1.2,0.6,2.2,1,2.3,12.5
1,28,UFA,"$17,000,000 ","$17,000,000 ",2019,27.9,4.3,10.7,0.404,1.2,3.7,0.311,3.2,7,0.454,0.458,2.9,3.4,0.855,0.5,3.1,3.6,6.1,1.3,0.1,2.6,2.6,12.7
5,27,UFA,"$15,000,000 ","$15,000,000 ",2019,22.3,6.1,11,0.559,0.3,1,0.292,5.9,10,0.586,0.572,3,3.8,0.795,2.2,6.4,8.6,1.4,0.4,1.1,1.8,3,15.6
4,31,UFA,"$14,545,000 ","$14,545,000 ",2019,30.7,5.5,10.4,0.527,0.6,1.8,0.349,4.8,8.6,0.564,0.557,1.1,1.7,0.644,2.4,4.1,6.5,2.5,1.5,0.4,1.5,2.4,12.6
5,30,UFA,"$13,333,333 ","$13,333,333 ",2019,25.1,4,8.2,0.492,1.3,3.4,0.382,2.8,4.8,0.57,0.571,1.4,1.8,0.814,1.6,5.9,7.5,1.4,1.1,1.1,1.3,3.3,10.8
1,31,UFA,"$13,333,327 ","$13,333,327 ",2019,27.4,2.5,6.1,0.407,1.4,3.6,0.397,1.1,2.5,0.421,0.524,1.2,1.6,0.78,1,4,5,3.8,0.9,0.6,1.1,3.4,7.6
5,31,UFA,"$9,990,179 ","$9,990,179 ",2019,29.7,4.1,6.5,0.641,0,0,0,4.1,6.5,0.641,0.641,2.7,3.8,0.705,3.3,9.8,13.1,2.3,0.6,1.1,2.2,2.4,11
1,28,UFA,"$12,400,000 ","$12,400,000 ",2019,25.2,2.8,6.7,0.412,0.7,2.1,0.322,2.1,4.6,0.454,0.463,0.4,0.5,0.698,0.5,2.9,3.4,3.9,1.1,0.3,1,1.6,6.5
4,27,RFA,"$8,975,000 ","$8,975,000 ",2019,21.2,2.5,5.4,0.453,1.1,3.1,0.353,1.4,2.4,0.583,0.553,0.8,1,0.784,1.3,3.4,4.6,1,0.5,1.1,0.8,2,6.8
2,29,UFA,"$8,000,000 ","$8,000,000 ",2019,18.9,2.9,6.3,0.456,1.5,3.4,0.45,1.3,2.9,0.463,0.577,0.6,0.7,0.846,0.4,1.3,1.6,0.9,0.5,0.2,0.8,1.3,7.9
3,33,UFA,"$16,000,000 ","$16,000,000 ",2019,26.7,5.4,10.8,0.504,1.1,2.7,0.402,4.4,8.1,0.537,0.554,1.7,2.1,0.816,0.9,5.9,6.8,2.6,0.8,0.5,1.7,2.3,13.7
2,27,UFA,"$10,500,000 ","$10,500,000 ",2019,28.5,5.5,12.4,0.44,1.5,4.2,0.348,4,8.2,0.487,0.499,2.9,3.3,0.888,0.8,4.7,5.5,2.2,1.1,0.4,1,1.8,15.3
3,23,RFA,"$15,000,000 ","$15,000,000 ",2019,28,5.4,12.2,0.445,1.6,4.9,0.32,3.9,7.3,0.53,0.51,2.7,3.5,0.775,1,3.7,4.7,1.2,1.2,0.9,1.5,2.6,15.2
2,27,RFA,"$10,000,000 ","$10,000,000 ",2019,27.1,3.2,6.6,0.485,0.8,2,0.395,2.4,4.6,0.524,0.545,1.6,2,0.819,1,2.5,3.5,5,1,0.2,1.5,2.2,8.9
2,32,UFA,"$15,000,000 ","$15,000,000 ",2019,27.7,3.7,7.9,0.465,2.5,5.4,0.455,1.2,2.4,0.487,0.622,0.5,0.6,0.841,0.8,3.2,4,1.6,0.9,0.7,0.9,2.1,10.3
4,29,UFA,"$9,720,900 ","$9,720,900 ",2019,28.3,3.2,7.3,0.433,1.2,3.5,0.343,2,3.9,0.514,0.514,1.9,2.1,0.867,1.4,6.1,7.5,1.3,0.8,0.4,0.9,1.8,9.4
1,33,UFA,"$9,590,602 ","$9,590,602 ",2019,21.7,2.8,6.3,0.452,0.8,2.6,0.314,2,3.7,0.547,0.516,1.2,1.4,0.824,0.7,1.8,2.5,2.3,0.9,0.1,0.9,1.7,7.6
1,27,RFA,"$14,025,000 ","$14,025,000 ",2019,22.7,3.2,7.4,0.434,0.7,2.2,0.298,2.6,5.2,0.492,0.478,1.6,2,0.793,0.9,2.6,3.5,3.3,1.2,0.4,1,1.4,8.7
2,35,UFA,"$13,250,000 ","$13,250,000 ",2019,31.3,5.9,13.5,0.44,3.2,8,0.397,2.8,5.6,0.502,0.557,3,3.4,0.894,0.3,2.2,2.4,2.7,0.4,0.2,1.3,1.7,18.1
1,23,RFA,"$8,815,100 ","$8,815,100 ",2019,22.9,2.7,6.6,0.415,0.6,1.9,0.317,2.1,4.7,0.453,0.46,0.9,1,0.841,0.3,1.6,2,4.8,1.2,0.1,0.7,1.1,6.9
3,34,UFA,"$12,500,000 ","$12,500,000 ",2019,34,4.3,10.7,0.399,2.1,6.3,0.334,2.2,4.4,0.493,0.498,1.9,2.4,0.793,0.7,4.7,5.4,3.7,1.3,0.3,1.5,1.9,12.5
5,22,RFA,"$7,000,000 ","$7,000,000 ",2019,17.6,3.6,6.4,0.559,0,0,0,3.6,6.4,0.559,0.559,1.7,2.1,0.802,1.9,4.2,6.1,1.1,0.2,0.9,1.2,2.3,8.9
3,33,UFA,"$6,883,333 ","$6,883,333 ",2019,25.4,3.4,8.6,0.395,1.6,4.6,0.342,1.8,4,0.457,0.487,2.7,3.6,0.76,1,4.2,5.2,1.3,0.5,0.1,1.1,1.7,11.1
5,37,UFA,"$10,000,000 ","$10,000,000 ",2019,13,1.4,2.8,0.517,0,0.1,0,1.4,2.7,0.531,0.517,0.7,1.1,0.66,0.8,2.1,2.9,0.6,0.4,0.4,0.3,2.1,3.6
4,34,UFA,"$10,000,000 ","$10,000,000 ",2019,24.1,4.3,7.7,0.566,0.2,0.5,0.324,4.2,7.2,0.583,0.576,1.9,2.5,0.757,2.5,4.1,6.5,1.2,0.8,0.6,1,2.7,10.8
2,26,UFA,"$8,291,514 ","$8,291,514 ",2019,24.8,4,9.2,0.43,1.8,5.3,0.347,2.1,3.9,0.542,0.53,1.7,1.9,0.867,0.6,2.3,2.9,1.3,0.9,0.2,0.8,1.7,11.4
1,25,UFA,"$8,000,000 ","$8,000,000 ",2019,29.8,4.3,9.8,0.434,0.8,2.5,0.314,3.5,7.3,0.476,0.475,1.3,1.8,0.743,1.2,4.1,5.2,7.6,1,0.4,2.7,1.9,10.6
2,31,UFA,"$8,000,000 ","$8,000,000 ",2019,24.5,3.5,8.6,0.403,2.6,7,0.371,0.9,1.6,0.541,0.554,0.7,0.9,0.796,0.3,1.8,2,1.4,1,0.1,0.8,1.7,10.3
4,30,UFA,"$15,000,000 ","$15,000,000 ",2019,27.9,5,11.3,0.447,1.9,5.2,0.375,3.1,6.1,0.508,0.533,1.9,2.3,0.844,1,5.1,6.1,1.5,0.6,0.3,1.2,2.4,13.9
2,28,RFA,"$5,000,000 ","$5,000,000 ",2019,23.5,2.8,7,0.403,1.2,3.4,0.351,1.6,3.6,0.453,0.489,0.8,1.1,0.722,0.9,2.7,3.6,1.7,0.5,0.2,1,1.7,7.6
4,24,UFA,"$15,000,000 ","$15,000,000 ",2019,26,5.6,12.6,0.444,1.5,3.8,0.393,4.1,8.7,0.467,0.504,1.5,1.9,0.794,2.2,5.9,8.1,1.4,0.7,0.4,1.5,2.9,14.2
1,30,UFA,"$7,500,000 ","$7,500,000 ",2019,27.3,7.1,14.8,0.482,1.1,2.9,0.37,6.1,11.9,0.509,0.518,2.7,3.1,0.856,0.6,2.1,2.7,4.3,0.6,0.2,1.6,1.1,18
5,23,UFA,"$4,821,429 ","$4,821,429 ",2019,18.5,2.7,4.3,0.625,0,0.1,0.1,2.7,4.2,0.641,0.627,0.8,1.3,0.619,2.4,2.8,5.2,1.5,0.6,0.7,0.6,2.6,6.3
3,29,UFA,"$7,125,000 ","$7,125,000 ",2019,25.5,2.7,7,0.39,1.9,5.3,0.365,0.8,1.7,0.467,0.528,0.8,1,0.789,0.2,1.7,1.9,2.1,0.6,0.3,0.9,2.4,8.2
4,24,UFA,"$6,500,000 ","$6,500,000 ",2019,26.9,5.8,11.7,0.493,1,3,0.313,4.8,8.7,0.556,0.533,2,2.9,0.712,1.2,5.3,6.6,2.4,0.7,0.5,2.4,2.3,14.5
3,26,RFA,"$4,000,000 ","$4,000,000 ",2019,24.5,2.8,6.5,0.432,1,3.1,0.311,1.8,3.4,0.544,0.507,0.9,1.3,0.709,1.7,3.1,4.8,1.2,0.9,0.4,0.9,2.3,7.5
1,31,UFA,"$6,000,000 ","$6,000,000 ",2019,22.3,3.7,8.7,0.419,0.8,2.4,0.326,2.9,6.3,0.455,0.464,0.8,1.1,0.758,0.4,2.2,2.6,3.6,0.5,0.2,1.1,1.9,8.9
2,26,UFA,"$5,860,950 ","$5,860,950 ",2019,26.3,4.1,9.3,0.435,1.2,3.3,0.356,2.9,6,0.478,0.498,1.9,2.2,0.884,0.3,1.8,2.2,1.8,0.8,0.2,0.8,2,11.2
3,25,RFA,"$3,761,085 ","$3,761,085 ",2019,18.7,3,6,0.509,0.8,2.5,0.326,2.2,3.4,0.646,0.579,0.7,1,0.704,0.8,2.3,3.1,0.7,0.4,0.4,0.6,1.6,7.6
3,26,RFA,"$3,717,000 ","$3,717,000 ",2019,25.1,3,6.5,0.468,1.9,4.6,0.416,1.1,1.9,0.595,0.615,1.4,1.8,0.789,0.6,2.9,3.6,1,0.5,0.3,0.9,2.1,9.4
4,23,UFA,"$5,500,000 ","$5,500,000 ",2019,17.5,3.2,7.7,0.418,0.8,3.1,0.255,2.4,4.6,0.529,0.47,1.3,1.8,0.698,0.7,3.2,3.8,1.4,0.5,0.4,1.1,1.5,8.5
4,27,RFA,"$5,000,000 ","$5,000,000 ",2019,13.8,2.2,4,0.549,0.4,1,0.388,1.8,3,0.603,0.598,0.8,1.2,0.737,1.3,2.1,3.4,1,0.3,0.6,0.5,2.4,5.7
4,31,UFA,"$4,900,000 ","$4,900,000 ",2019,17.7,2.1,5.3,0.4,1.3,3.2,0.401,0.8,2.1,0.399,0.52,0.3,0.4,0.667,0.5,2.9,3.5,0.8,0.3,0.2,0.6,2,5.8
4,30,UFA,"$4,886,175 ","$4,886,175 ",2019,17.9,2.3,3.7,0.616,0,0,0,2.3,3.7,0.62,0.616,1.2,2,0.617,2.7,5.9,8.6,0.8,0.4,0.4,0.8,2.8,5.8
4,29,UFA,"$4,886,175 ","$4,886,175 ",2019,21.1,3.5,7.3,0.483,1.1,2.7,0.403,2.4,4.6,0.53,0.558,1.2,1.6,0.792,1.6,4.7,6.3,0.8,0.7,0.5,1.3,3,9.4
5,27,UFA,"$4,886,175 ","$4,886,175 ",2019,24.5,5.6,10.2,0.549,0.1,0.5,0.294,5.4,9.7,0.562,0.556,2.3,2.9,0.787,3.8,6,9.8,1.7,0.5,0.4,1.8,2.5,13.7
4,25,UFA,"$4,886,175 ","$4,886,175 ",2019,16.9,3.2,5.2,0.608,0,0,0,3.2,5.2,0.608,0.608,1.8,2.5,0.731,1.6,3.1,4.7,0.9,0.6,1.1,0.7,2.8,8.2
5,31,UFA,"$4,886,175 ","$4,886,175 ",2019,21.7,4.1,7.2,0.568,0.1,0.4,0.226,4,6.8,0.589,0.575,1.2,1.7,0.724,1.9,2,3.9,1.2,0.1,1.1,1.3,1.7,9.5
2,28,UFA,"$4,886,175 ","$4,886,175 ",2019,30.2,3.9,9.7,0.408,1.4,3.9,0.351,2.6,5.8,0.446,0.479,0.7,0.8,0.86,0.7,2.1,2.8,2.4,0.7,0.3,1.4,2.7,9.9
2,28,UFA,"$4,100,000 ","$4,100,000 ",2019,29.8,3.9,9.4,0.412,2.3,6.2,0.377,1.5,3.2,0.483,0.537,1.2,1.3,0.859,0.3,2.4,2.7,2,0.6,0.2,1,1.7,11.3
5,31,UFA,"$4,100,000 ","$4,100,000 ",2019,22.3,5.3,8.5,0.624,0,0.2,0.083,5.3,8.4,0.634,0.625,1.3,2,0.632,2.6,4.9,7.5,0.7,0.6,2,1.4,2.8,12
2,23,RFA,"$4,000,000 ","$4,000,000 ",2019,13.7,0.9,2.2,0.413,0.3,1,0.321,0.6,1.2,0.486,0.484,0.4,0.5,0.867,0.2,1.4,1.7,1,0.8,0.1,0.6,1.3,2.6
3,23,UFA,"$3,713,575 ","$3,713,575 ",2019,18.3,2.6,6.7,0.389,0.9,3.3,0.288,1.7,3.4,0.484,0.459,0.8,1,0.781,0.5,2.8,3.3,1.3,0.9,0.2,1.2,1.7,6.9
1,27,UFA,"$3,500,000 ","$3,500,000 ",2019,19.3,2.9,5.5,0.525,0.2,0.6,0.333,2.7,5,0.546,0.542,0.4,0.5,0.784,0.4,1.9,2.3,3.4,1,0.2,1.2,1.4,6.4
5,31,UFA,"$3,500,000 ","$3,500,000 ",2019,11.7,2.8,4.5,0.615,0.1,0.2,0.4,2.7,4.3,0.624,0.623,1.7,2.3,0.748,1.5,3.1,4.6,0.9,0.3,0.5,1,1.6,7.3
4,30,UFA,"$3,280,000 ","$3,280,000 ",2019,21.9,3.5,8.3,0.421,1.2,3.5,0.335,2.3,4.8,0.484,0.492,1.2,1.6,0.772,1.1,3.5,4.6,1.4,0.6,0.4,0.9,3,9.4
1,25,RFA,"$3,000,000 ","$3,000,000 ",2019,24.2,2.3,5.2,0.447,1,2.7,0.373,1.3,2.5,0.527,0.544,1.1,1.3,0.873,0.3,2.4,2.7,3.3,0.8,0,0.8,2.1,6.7
5,27,RFA,"$3,000,000 ","$3,000,000 ",2019,12.9,1.8,3,0.603,0,0,0,1.8,3,0.607,0.603,1.2,1.7,0.699,1.6,2.2,3.8,0.8,0.4,0.6,0.4,1.4,4.8
1,26,UFA,"$3,000,000 ","$3,000,000 ",2019,14.3,2.8,5.9,0.465,1.1,2.7,0.405,1.7,3.2,0.515,0.557,0.3,0.4,0.769,0.3,1.8,2.1,1.6,0.3,0,0.7,1.2,6.9
1,25,RFA,"$2,750,000 ","$2,750,000 ",2019,21.2,3.1,6.9,0.445,1,2,0.48,2.1,4.9,0.431,0.514,2,2.6,0.797,0.8,1.9,2.7,3.1,1,0.4,1.7,2.2,9.2
2,32,UFA,"$2,628,872 ","$2,628,872 ",2019,30.3,4,10.1,0.4,2.2,5.8,0.372,1.9,4.3,0.437,0.507,1.9,2.4,0.81,0.5,2,2.5,2.3,0.8,0.2,1.3,2.3,12.2
1,33,UFA,"$2,592,179 ","$2,592,179 ",2019,29.8,3.8,9.4,0.405,1.1,3.1,0.359,2.7,6.3,0.428,0.464,0.5,0.8,0.639,0.7,4.5,5.3,8,1.2,0.2,2.8,2.2,9.2
2,30,UFA,"$4,767,000 ","$4,767,000 ",2019,31.8,3.7,9.5,0.386,2,5.7,0.348,1.7,3.8,0.442,0.49,1.2,1.3,0.896,0.6,3.4,3.9,1.8,1.5,0.4,1.3,2,10.5
4,26,UFA,"$4,767,000 ","$4,767,000 ",2019,16.1,2.9,6.3,0.463,1.1,3,0.36,1.9,3.4,0.553,0.547,1.7,2.3,0.738,0.8,2.6,3.5,1.3,0.3,0.3,0.9,1.4,8.6
2,33,UFA,"$4,767,000 ","$4,767,000 ",2019,27.2,2.8,6.6,0.422,1.2,3.5,0.341,1.6,3.1,0.515,0.513,1.1,1.4,0.748,0.4,2.5,2.9,1.4,1,0.4,0.9,2.7,7.8
2,27,UFA,"$2,271,991 ","$2,271,991 ",2019,26.7,3.1,7.5,0.406,1.4,4.3,0.318,1.7,3.2,0.522,0.497,0.7,1.3,0.526,0.3,1.8,2.1,2.2,0.6,0.3,0.9,2.7,8.1
4,24,UFA,"$2,250,000 ","$2,250,000 ",2019,17,2.3,6.2,0.378,1.5,4.2,0.363,0.8,2,0.411,0.502,0.8,1,0.826,0.6,2.3,2.9,1.2,0.6,0.9,0.5,0.9,7
5,26,UFA,"$2,231,920 ","$2,231,920 ",2019,27.3,5.1,9.1,0.556,0,0,0.5,5.1,9.1,0.556,0.557,1.7,3.1,0.551,2.2,6.1,8.4,2.4,1.2,0.6,1,2.8,11.9
4,28,UFA,"$2,155,814 ","$2,155,814 ",2019,20.4,2.3,5.6,0.402,1.4,4,0.348,0.9,1.6,0.533,0.525,1.1,1.3,0.824,0.9,2.9,3.8,1.2,0.3,0.6,0.8,2,7
1,23,RFA,"$2,080,000 ","$2,080,000 ",2019,9.1,1,2.8,0.344,0.3,1.2,0.259,0.7,1.6,0.405,0.398,0.7,1,0.625,0.4,0.7,1,0.4,0.5,0.2,0.4,1.1,2.9
3,29,UFA,"$2,006,445 ","$2,006,445 ",2019,21.2,2.4,5.1,0.469,0.9,2.7,0.353,1.4,2.4,0.601,0.563,1,1.4,0.716,1,2.1,3.1,0.7,0.7,0.4,0.6,2.6,6.7
2,24,UFA,"$1,830,141 ","$1,830,141 ",2019,20.8,3.3,8,0.412,0.7,2.6,0.276,2.6,5.4,0.478,0.457,1.5,2,0.763,0.5,3.6,4.1,1.5,1,0.1,1.5,1.9,8.8
4,21,UFA,"$1,751,429 ","$1,751,429 ",2019,18,1.9,4.3,0.447,0.5,2.2,0.218,1.4,2.1,0.688,0.503,0.7,1.2,0.593,0.7,3.2,4,1.2,0.4,0.5,0.8,2,5
5,29,UFA,"$3,500,000 ","$3,500,000 ",2019,25.7,5.9,12.4,0.48,0.9,3.2,0.274,5.1,9.2,0.551,0.515,3.5,4.8,0.736,1.4,6.8,8.2,3.6,1.3,1.5,2.4,3.6,16.3
1,33,UFA,"$39,932,648 ","$42,783,116 ",2018,3.8,0.4,0.7,0.5,0.2,0.4,0.4,0.2,0.3,0.625,0.611,0,0.1,0.333,0.3,0.4,0.7,0.2,0.1,0,0.2,0.4,0.9
3,33,UFA,"$38,328,212 ","$41,064,152 ",2018,36.9,10.5,19.3,0.542,1.8,5,0.367,8.6,14.3,0.603,0.59,4.7,6.5,0.731,1.2,7.5,8.6,9.1,1.4,0.9,4.2,1.7,27.5
5,23,RFA,"$29,542,010 ","$31,650,775 ",2018,32.6,6.7,13.5,0.499,1.5,3.7,0.396,5.2,9.7,0.538,0.554,3.5,4.2,0.85,2.6,8.1,10.7,6.1,1.2,0.8,2.8,2.8,18.5
3,28,UFA,"$34,227,984 ","$36,671,242 ",2018,36.6,7.3,17,0.43,3.1,7.7,0.401,4.2,9.3,0.454,0.521,4.3,5.2,0.822,0.9,4.7,5.7,3.3,2,0.5,2.7,2.9,21.9
5,24,RFA,"$18,000,000 ","$19,284,874 ",2018,27.5,6,9.1,0.652,0,0,0,6,9.1,0.653,0.652,1.9,3.5,0.56,3.3,7.6,10.8,0.9,0.8,1.9,1.4,2.5,13.9
4,23,RFA,"$20,000,000 ","$21,427,638 ",2018,32.9,6.5,14.9,0.434,2,5.9,0.336,4.5,9,0.497,0.5,2.7,3.9,0.698,1.5,6.4,7.9,2.3,1,0.8,1.8,1.9,17.6
2,23,RFA,"$19,500,000 ","$20,891,947 ",2018,27.3,5.7,14.8,0.383,1.8,5.1,0.341,3.9,9.7,0.405,0.442,3.6,4.5,0.813,0.4,3.5,3.9,3,1,0.2,1.8,2.3,16.7
3,30,UFA,"$30,750,000 ","$32,944,993 ",2018,34.2,9.3,18,0.516,2.5,6.1,0.419,6.7,11.9,0.565,0.586,5.3,5.9,0.889,0.5,6.4,6.8,5.4,0.7,1.8,3,2,26.4
2,27,UFA,"$13,250,000 ","$14,195,810 ",2018,33.1,5.7,12.7,0.452,1.9,5.2,0.37,3.8,7.5,0.51,0.528,2.2,2.8,0.805,0.9,4.2,5,4.1,1,0.6,1.8,2.1,15.7
1,24,RFA,"$12,999,975 ","$13,927,938 ",2018,29.9,3.5,9.5,0.367,1.4,4.6,0.301,2.1,4.9,0.429,0.44,1.8,2.5,0.729,0.8,2.7,3.5,4.8,1.3,0.4,2.4,2.5,10.2
5,24,RFA,"$12,000,000 ","$12,856,583 ",2018,26.4,6.1,12,0.505,0,0.1,0,6.1,11.9,0.508,0.505,2.2,3.5,0.63,2.4,6.6,9,1.8,0.8,1.4,2.3,3.1,14.3
4,27,UFA,"$18,800,000 ","$20,141,980 ",2018,28,5.1,9.1,0.563,0.2,0.8,0.222,4.9,8.3,0.596,0.573,1.8,2.8,0.651,2.6,4.6,7.2,1.3,0.7,1.1,1.1,2.1,12.3
3,25,RFA,"$9,289,075 ","$9,952,147 ",2018,26.7,3.1,5.9,0.527,0.3,0.8,0.333,2.9,5.1,0.556,0.549,1.4,2,0.712,1.1,4.2,5.4,2.7,1.6,0.8,1.3,1.5,7.9
1,23,RFA,"$11,000,000 ","$11,785,201 ",2018,16.8,3,6.2,0.483,0.4,1.3,0.278,2.6,4.9,0.536,0.511,1.8,2.2,0.806,0.3,1.6,1.9,3.1,0.6,0.2,1.4,1.4,8.1
3,24,UFA,"$9,115,384 ","$9,766,057 ",2018,20.3,3,5.6,0.535,0.4,1.4,0.291,2.6,4.3,0.613,0.57,2,3,0.675,1.1,2.9,3.9,0.7,0.4,1,0.7,1.9,8.4
2,27,UFA,"$12,480,000 ","$13,370,846 ",2018,31.2,5.6,13.6,0.414,1.6,4.4,0.369,4,9.2,0.436,0.474,1.4,1.8,0.768,0.5,2,2.5,2,1.1,0.2,2.2,2,14.3
5,30,UFA,"$22,897,200 ","$24,531,645 ",2018,31.5,4.8,7.5,0.645,0,0,0,4.8,7.5,0.645,0.645,2.4,4.1,0.58,4.3,10.9,15.2,1.5,0.5,0.9,1.8,2.6,12
3,26,UFA,"$7,333,333 ","$7,856,800 ",2018,21.8,2.9,6.3,0.467,1.1,2.7,0.426,1.8,3.6,0.497,0.557,0.8,1,0.79,0.5,2,2.5,1,0.2,0.2,0.7,1.5,7.8
4,31,UFA,"$7,000,000 ","$7,499,673 ",2018,25.1,4,8.9,0.452,1.3,3.7,0.36,2.7,5.2,0.517,0.526,1.5,2,0.778,1.7,4.2,5.9,1.3,0.9,0.4,1,2.3,10.9
4,30,UFA,"$6,825,000 ","$7,312,181 ",2018,20.5,2.6,5.5,0.461,1.1,2.7,0.415,1.4,2.8,0.505,0.563,0.5,0.7,0.8,0.8,3.3,4.1,1.3,0.7,0.2,0.8,2.1,6.8
4,23,UFA,"$20,000,000 ","$21,427,638 ",2018,24,5.2,10.7,0.482,1,2.6,0.383,4.2,8.1,0.514,0.529,1.3,1.7,0.741,1.4,3.5,4.9,1.9,0.8,0.3,1.5,1.6,12.6
1,24,RFA,"$9,000,000 ","$9,642,437 ",2018,20,3.1,7.2,0.426,1.4,3.4,0.414,1.6,3.7,0.437,0.525,1.1,1.3,0.832,0.3,2.1,2.4,3.2,0.9,0.3,1,1.7,8.6
4,23,UFA,"$8,857,025 ","$9,489,256 ",2018,26.7,6.1,11,0.558,0.1,0.5,0.222,6,10.5,0.575,0.563,3.7,5.2,0.718,2.2,5.8,8,2.6,0.5,0.5,2.6,3.3,16.1
2,27,UFA,"$8,000,000 ","$8,571,055 ",2018,25.3,3.9,8,0.491,1.9,4.6,0.419,2,3.4,0.589,0.612,1.1,1.3,0.827,0.7,2.7,3.3,1.6,0.4,0.3,1.2,2,10.8
3,33,UFA,"$15,000,000 ","$16,070,728 ",2018,33.9,4,9.7,0.412,2.5,6.9,0.368,1.5,2.8,0.519,0.542,1.1,1.3,0.854,0.5,3.9,4.4,1.6,1.5,0.2,0.8,2,11.7
3,25,RFA,"$7,250,000 ","$7,767,519 ",2018,14.1,2.1,4.8,0.44,1.2,3.3,0.373,0.9,1.5,0.588,0.568,0.5,0.6,0.816,0.2,1.8,2,1,0.3,0.4,0.5,1.2,5.9
2,29,UFA,"$12,400,000 ","$13,285,135 ",2018,30.9,7,15.6,0.452,2.2,5.5,0.399,4.8,10.1,0.482,0.523,3.2,4,0.785,0.8,4.3,5.1,5.2,1.1,0.3,2.3,1.8,19.4
2,34,UFA,"$12,250,000 ","$13,124,428 ",2018,30.2,5.8,12.6,0.46,2.8,6.6,0.42,3,6,0.504,0.569,2.8,3.1,0.904,0.1,2.4,2.5,3,0.5,0.1,1.5,1.8,17.1
4,24,RFA,"$6,000,000 ","$6,428,291 ",2018,17,4.6,7.2,0.635,0,0.1,0.143,4.6,7.1,0.641,0.636,1.8,2.9,0.626,1.4,2.7,4,1,0.5,0.7,0.9,1.9,11
2,32,UFA,"$6,000,000 ","$6,428,291 ",2018,24.3,4.2,9.6,0.441,1.9,4.9,0.377,2.4,4.6,0.509,0.539,1.9,2,0.908,0.3,1.6,1.9,1.9,0.8,0.2,1.2,1.1,12.1
2,25,UFA,"$12,000,000 ","$12,856,583 ",2018,33.2,4.6,10.8,0.426,2.1,5.6,0.383,2.4,5.2,0.473,0.526,2.1,2.6,0.789,0.8,4.4,5.2,2.2,1.4,0.2,1.3,2,13.4
5,32,UFA,"$5,470,425 ","$5,860,914 ",2018,30.4,6.2,11.2,0.555,0,0.1,0.143,6.2,11.2,0.559,0.556,4.1,7.2,0.574,3.1,9.3,12.5,1.3,0.6,1.6,2.6,3.1,16.6
5,31,UFA,"$5,323,440 ","$5,703,437 ",2018,18.3,2.6,5.5,0.471,0,0.3,0.143,2.6,5.2,0.487,0.474,0.7,1,0.756,1.6,3.8,5.4,1.1,0.3,0.6,1,2.5,6
3,32,UFA,"$10,087,200 ","$10,807,243 ",2018,21.6,4.4,9.4,0.471,0.6,2.1,0.314,3.8,7.4,0.516,0.506,2,2.5,0.772,1.3,3.8,5.1,1.3,0.8,0.7,1.4,1.7,11.5
1,36,UFA,"$5,000,000 ","$5,356,909 ",2018,19.5,3.2,7.1,0.459,0.2,0.7,0.27,3.1,6.4,0.479,0.472,1,1.4,0.705,0.1,1.6,1.7,3.5,0.5,0,1.2,0.9,7.7
1,32,UFA,"$9,000,000 ","$9,642,437 ",2018,26.2,3.6,7.6,0.468,0.8,2.3,0.333,2.8,5.3,0.526,0.518,0.4,0.7,0.543,0.5,3.6,4,8.2,1.1,0.2,2.3,1.8,8.3
5,25,UFA,"$4,255,000 ","$4,558,730 ",2018,20.2,3.1,5.5,0.566,0,0,0.333,3.1,5.4,0.568,0.567,2.3,3.3,0.684,2.5,5,7.5,1.2,0.4,0.9,1.1,2.3,8.5
2,23,UFA,"$6,500,000 ","$6,963,982 ",2018,22.1,3.6,8.2,0.442,1.2,3.6,0.337,2.4,4.7,0.523,0.515,1.1,1.4,0.819,0.5,3.2,3.7,1.4,1.1,0.4,1.1,1.8,9.6
2,30,UFA,"$6,270,000 ","$6,717,564 ",2018,26.5,3.7,9.1,0.407,2.9,7.5,0.392,0.8,1.6,0.479,0.569,0.9,1,0.859,0.3,2.5,2.8,1,0.7,0.1,0.7,1.2,11.2
1,25,UFA,"$3,075,000 ","$3,294,499 ",2018,27.8,3.8,8.9,0.426,1.6,4.4,0.373,2.2,4.5,0.477,0.518,1,1.3,0.796,0.3,2.7,3,2.5,0.8,0.1,1,1.9,10.2
2,22,RFA,"$3,000,000 ","$3,214,146 ",2018,16.9,1.6,3.9,0.409,0.3,1.4,0.238,1.3,2.5,0.503,0.451,0.5,0.6,0.765,0.3,1.2,1.4,1.4,0.8,0.2,0.7,1.2,4
2,25,RFA,"$3,000,000 ","$3,214,146 ",2018,19,2.6,6.2,0.421,1.1,2.9,0.39,1.5,3.4,0.446,0.51,0.6,0.9,0.667,0.2,1.2,1.4,1,0.4,0,0.5,1.4,6.9
4,33,UFA,"$5,750,000 ","$6,160,446 ",2018,22.2,2.8,6,0.464,2,4.6,0.436,0.8,1.4,0.561,0.632,1.3,1.7,0.797,0.6,2.4,3.1,1.1,0.4,0.3,0.7,1.8,8.9
5,28,UFA,"$5,337,000 ","$5,717,965 ",2018,36.2,8.5,18,0.47,2.2,6.1,0.354,6.3,11.9,0.53,0.53,6.1,8.2,0.746,2.2,10.7,12.9,5.4,1.6,1.6,5,3.8,25.2
4,40,UFA,"$5,000,000 ","$5,356,909 ",2018,24.7,4.5,9.8,0.456,1.8,4.4,0.409,2.7,5.5,0.494,0.547,1.3,1.4,0.898,0.3,5.4,5.7,1.6,0.6,0.6,0.7,1.9,12
3,25,RFA,"$1,647,172 ","$1,764,750 ",2018,3.6,0.4,1.2,0.364,0,0.4,0,0.4,0.8,0.571,0.364,0.1,0.2,0.5,0.3,0.7,1,0.3,0.2,0,0.3,0.1,1
1,23,UFA,"$1,553,774 ","$1,664,685 ",2018,8.3,1.3,2,0.667,0,0.3,0,1.3,1.7,0.8,0.667,0.7,0.7,1,0,0.7,0.7,2.3,1,0,0.3,0.3,3.3
4,29,UFA,"$4,449,000 ","$4,766,578 ",2018,18.9,2.2,3.7,0.582,0,0,0,2.2,3.7,0.584,0.582,0.9,1.4,0.667,2.3,5,7.4,0.5,0.4,0.7,0.8,2.4,5.3
2,27,UFA,"$4,449,000 ","$4,766,578 ",2018,22.6,3.7,8.6,0.427,0.8,2.8,0.289,2.9,5.8,0.495,0.475,1,1.5,0.661,0.8,4.4,5.2,2.9,0.6,0.2,1.6,2.2,9.2
5,28,UFA,"$4,449,000 ","$4,766,578 ",2018,18,2.9,5,0.583,0.1,0.2,0.235,2.9,4.8,0.599,0.589,1.3,1.6,0.772,1.6,4.5,6.1,2.1,0.5,1.3,1.3,2.5,7.1
1,26,RFA,"$2,200,000 ","$2,357,040 ",2018,12.1,1.7,3.7,0.457,0.5,1.1,0.404,1.2,2.5,0.481,0.52,0.6,0.9,0.743,0.2,1,1.2,1.8,0.3,0.1,0.9,0.9,4.5
4,32,UFA,"$4,320,500 ","$4,628,905 ",2018,25.6,2.7,5.7,0.481,1,2.8,0.364,1.7,2.8,0.599,0.572,1.1,1.6,0.684,0.4,2.7,3,0.9,1.2,0.4,1.1,1.6,7.5
4,30,UFA,"$4,320,500 ","$4,628,905 ",2018,18.5,3.6,6.9,0.527,0.9,2.1,0.405,2.8,4.8,0.582,0.59,0.7,1,0.658,0.7,2.6,3.3,1.1,0.3,0.1,1,1.9,8.8
2,24,UFA,"$4,075,000 ","$4,365,881 ",2018,14.7,1.6,3.7,0.424,0.6,1.5,0.412,1,2.2,0.431,0.506,0.4,0.5,0.818,0.5,1.1,1.6,0.7,0.6,0,0.2,0.6,4.1
3,27,RFA,"$2,000,000 ","$2,142,764 ",2018,16.1,1.6,3.5,0.453,0.4,1.5,0.293,1.2,2,0.57,0.515,0.6,0.9,0.629,1,2.2,3.3,0.6,0.3,0.4,0.5,1.6,4.2
1,27,UFA,"$1,893,862 ","$2,029,049 ",2018,20.7,3,7.2,0.42,1.1,2.9,0.376,1.9,4.2,0.45,0.497,1.6,1.9,0.841,0.4,1.9,2.3,2,1.1,0.2,1.2,1.1,8.7
5,24,UFA,"$1,872,774 ","$2,006,456 ",2018,15.7,1.8,3.5,0.524,0,0,0,1.8,3.5,0.529,0.524,0.7,0.9,0.75,1.6,4,5.6,0.7,1,0.7,0.9,2,4.4
3,29,UFA,"$3,500,000 ","$3,749,837 ",2018,22.3,5.5,10.9,0.507,0.5,1.2,0.395,5.1,9.7,0.52,0.528,1.7,2.1,0.78,1.3,4.3,5.6,1.7,0.5,0.6,1.9,2,13.2
2,25,RFA,"$3,472,887 ","$3,720,788 ",2018,26.9,5.4,12.5,0.429,2.1,5.6,0.381,3.3,7,0.467,0.513,1.9,2.2,0.86,0.4,2.4,2.8,1.6,0.8,0.2,1.2,1.8,14.7
3,28,UFA,"$1,733,358 ","$1,857,088 ",2018,22.3,2.5,5.3,0.474,0.7,2.1,0.333,1.8,3.2,0.567,0.54,1.3,1.6,0.836,1,2.1,3.1,1,0.7,0.3,0.8,1.9,7.1
5,30,UFA,"$3,382,000 ","$3,623,414 ",2018,23.4,5,10.7,0.465,1.5,4.4,0.345,3.5,6.3,0.549,0.536,1.5,2.1,0.703,1,3,4,1.7,0.4,1.3,1.3,2.6,13
2,25,UFA,"$1,682,025 ","$1,802,091 ",2018,18.1,2,4.8,0.423,0.9,2.6,0.352,1.1,2.2,0.506,0.518,0.5,0.5,0.841,0.4,1.5,2,1.1,0.3,0.3,0.5,1.5,5.4
2,24,UFA,"$1,578,979 ","$1,691,690 ",2018,16.7,1.5,3.5,0.434,0.6,1.5,0.412,0.9,2,0.452,0.525,0.7,0.9,0.695,0.7,1.3,1.9,0.9,0.5,0,0.4,1.7,4.3
3,21,RFA,"$1,578,979 ","$1,691,690 ",2018,12.3,1.1,2.7,0.396,0.2,0.9,0.167,0.9,1.8,0.514,0.425,0.8,1.2,0.667,1.1,0.9,1.9,0.5,0.2,0.7,0.4,1.2,3.1
1,24,UFA,"$3,000,000 ","$3,214,146 ",2018,28.7,5.2,10.6,0.493,0.5,1.5,0.326,4.7,9.1,0.52,0.516,1.7,2.7,0.649,1,3.3,4.3,6.2,1.3,0.3,2.7,2.3,12.7
2,24,RFA,"$1,468,807 ","$1,573,653 ",2018,28.4,3.7,8.2,0.445,0.3,1.3,0.25,3.3,6.9,0.483,0.466,2,2.6,0.782,0.7,2.8,3.5,2.4,0.9,0.4,1.5,2.8,9.7
2,24,RFA,"$1,468,807 ","$1,573,653 ",2018,8.8,1.2,2,0.577,0.2,0.5,0.429,0.9,1.5,0.632,0.635,0.5,1,0.462,0.5,1,1.5,0.6,0.2,0.1,0.6,0.5,3
4,31,UFA,"$2,487,000 ","$2,664,527 ",2018,21.4,2.2,5,0.451,0.8,2.3,0.345,1.5,2.7,0.541,0.53,0.4,0.7,0.596,1.1,3,4.1,0.7,0.5,0.4,0.5,1.5,5.7
4,23,RFA,"$1,619,260 ","$1,734,846 ",2018,16.3,2.5,6.3,0.392,1.4,4,0.354,1.1,2.3,0.457,0.504,0.4,0.6,0.727,0.6,2.7,3.2,1.3,0.3,0.8,0.6,1.4,6.7
1,29,UFA,"$40,231,758 ","$44,310,836 ",2017,33.4,8.5,18.3,0.468,4.1,10,0.411,4.4,8.3,0.537,0.58,4.1,4.6,0.898,0.8,3.7,4.5,6.6,1.8,0.2,3,2.3,25.3
4,28,UFA,"$34,234,964 ","$37,706,030 ",2017,34,7.9,15.9,0.493,0.6,1.9,0.336,7.2,14.1,0.514,0.513,5.2,6.9,0.76,1.8,6.3,8.1,4.9,0.9,0.4,2.3,2.6,21.6
1,27,UFA,"$26,361,000 ","$29,033,729 ",2017,32.7,6,13.3,0.454,1.5,4.2,0.356,4.6,9.1,0.498,0.51,1.8,2.5,0.708,0.7,3.3,3.9,7.3,1.5,0.7,2.9,2,15.4
3,27,UFA,"$31,957,493 ","$35,197,648 ",2017,34.5,7.5,15.8,0.471,2,5.1,0.398,5.4,10.7,0.506,0.536,5,5.9,0.844,0.7,4.7,5.4,3.5,1,0.3,1.9,1.6,21.9
3,24,RFA,"$26,631,244 ","$29,331,373 ",2017,32.6,5.2,10,0.516,1.9,4.3,0.434,3.3,5.8,0.576,0.608,1.2,1.5,0.832,1.5,5,6.4,1.5,1.5,0.5,0.6,2.4,13.4
1,31,UFA,"$33,333,333 ","$36,712,983 ",2017,37.4,7.1,15.3,0.464,3.2,7.8,0.412,3.9,7.5,0.518,0.569,5,6.1,0.819,0.8,4,4.8,7,1.5,0.3,2.9,2.8,22.4
2,25,RFA,"$17,737,500 ","$19,535,896 ",2017,27.3,5.3,11.5,0.455,1.9,5.3,0.357,3.4,6.3,0.537,0.537,2.1,2.7,0.766,0.4,2.4,2.8,2.3,0.7,0.2,1.3,1.3,14.5
4,28,UFA,"$21,666,667 ","$23,863,440 ",2017,30.7,6,12.4,0.48,1.6,4,0.391,4.4,8.4,0.522,0.543,1.4,1.6,0.856,1.6,5.2,6.8,0.9,0.5,1.6,1.3,2.7,14.8
3,29,UFA,"$21,587,579 ","$23,776,333 ",2017,30.7,6,12.4,0.48,1.6,4,0.391,4.4,8.4,0.522,0.543,1.4,1.6,0.856,1.6,5.2,6.8,0.9,0.5,1.6,1.3,2.7,14.8
4,32,UFA,"$30,500,000 ","$33,592,380 ",2017,33.9,5.3,11.9,0.447,2,5.1,0.389,3.3,6.8,0.491,0.531,5.5,6.1,0.902,0.6,4.5,5.2,2.1,0.6,0.2,1.3,1.5,18.2
1,31,UFA,"$19,000,000 ","$20,926,401 ",2017,31.5,5.9,12.4,0.477,1.9,4.8,0.403,4,7.6,0.523,0.554,3.2,4,0.801,0.5,2.9,3.4,4.2,1,0.2,1.7,2.3,16.9
1,29,UFA,"$19,000,000 ","$20,926,401 ",2017,32.4,4.9,11.1,0.442,1.1,3.1,0.357,3.8,8,0.475,0.492,4.4,5.1,0.867,0.4,3.6,4,7.8,1.2,0.4,2.6,2,15.3
3,29,RFA,"$13,000,000 ","$14,318,064 ",2017,24,2.5,5.5,0.452,1.5,3.4,0.441,1,2.1,0.471,0.589,0.6,0.8,0.735,0.3,2.9,3.2,2.7,1.2,0.1,1.3,2,7.1
2,25,UFA,"$13,000,000 ","$14,318,064 ",2017,30.1,6.1,14.4,0.424,1.8,4.7,0.395,4.3,9.7,0.438,0.488,1.8,2.8,0.646,0.4,2.9,3.3,4.3,0.9,0.4,2.2,2.1,15.8
3,29,UFA,"$25,625,000 ","$28,223,106 ",2017,33.4,8.9,16.5,0.537,1.9,5,0.375,7,11.5,0.608,0.594,5.4,6.2,0.875,0.6,7.6,8.3,4.8,1.1,1.6,2.2,1.9,25.1
5,26,UFA,"$12,500,000 ","$13,767,369 ",2017,20.5,3.5,6.8,0.512,0.9,2.6,0.354,2.6,4.2,0.608,0.579,1.2,1.6,0.732,1,3.8,4.8,2,0.6,0.4,1.3,2.8,9
5,37,UFA,"$16,266,667 ","$17,915,936 ",2017,25.4,4.7,9.4,0.502,0.9,1.6,0.538,3.9,7.8,0.494,0.548,2,2.9,0.707,1.7,6.2,7.8,2.3,0.4,1.1,1.3,1.7,12.4
1,29,UFA,"$12,000,000 ","$13,216,674 ",2017,21.9,3.4,7.8,0.44,1.8,4.4,0.414,1.6,3.3,0.474,0.558,0.8,1,0.825,0.3,1.5,1.8,3.5,0.8,0,1.3,1.4,9.5
3,33,UFA,"$16,000,000 ","$17,622,232 ",2017,26.3,2.9,5.5,0.528,0.8,2.3,0.362,2,3.1,0.651,0.605,0.9,1.3,0.706,0.7,3.3,4,3.4,1,0.5,0.8,1.3,7.6
2,25,RFA,"$11,500,000 ","$12,665,979 ",2017,29.2,3.1,6.8,0.455,1.8,4.4,0.406,1.3,2.3,0.548,0.588,0.6,0.7,0.81,0.3,2.8,3.1,1.2,0.7,0.2,0.7,1.6,8.5
4,30,UFA,"$14,431,700 ","$15,894,923 ",2017,27.4,4.8,10.1,0.479,1.1,3.4,0.34,3.7,6.8,0.548,0.535,2,2.8,0.707,0.9,4.1,4.9,3.6,1,1.1,2.3,2.6,12.8
5,27,RFA,"$13,666,667 ","$15,052,324 ",2017,26.5,4.1,7.7,0.536,0,0.1,0,4.1,7.6,0.541,0.536,2.1,3.7,0.58,2.1,5.4,7.5,3.5,0.9,1.1,1.7,2.8,10.4
4,25,RFA,"$8,000,000 ","$8,811,116 ",2017,15.8,1.9,3.3,0.579,0,0,0,1.9,3.3,0.579,0.579,0.9,1.4,0.645,1.9,2.8,4.7,0.6,0.4,0.3,0.5,1.7,4.8
3,32,UFA,"$7,969,537 ","$8,777,564 ",2017,27.6,2.5,6,0.413,0.9,2.4,0.357,1.6,3.5,0.451,0.485,0.9,1.1,0.774,1.4,4.4,5.8,1.2,1.4,0.2,0.8,2.4,6.7
2,25,RFA,"$10,000,000 ","$11,013,895 ",2017,30.1,2.7,5.9,0.464,0.6,2.3,0.245,2.2,3.5,0.609,0.513,0.6,1.4,0.423,1.2,3.9,5.1,1,1.2,1,0.6,2.6,6.6
4,32,UFA,"$14,000,000 ","$15,419,453 ",2017,25.5,4.7,9.1,0.515,0,0.2,0.231,4.6,8.9,0.52,0.517,1.4,2,0.715,2,4.2,6.2,0.9,0.5,0.8,1.3,2.1,10.8
3,30,UFA,"$8,333,333 ","$9,178,246 ",2017,23.4,3.7,8.5,0.434,2.2,5.4,0.413,1.5,3.1,0.471,0.565,1.1,1.2,0.903,0.4,2.6,3,0.6,0.6,0.3,0.5,2,10.7
4,36,UFA,"$12,000,000 ","$13,216,674 ",2017,24.5,5.9,13.2,0.449,0.3,1.3,0.223,5.6,11.9,0.474,0.46,1.9,2.6,0.731,2.5,5.7,8.2,1.7,0.5,0.1,1.4,1.9,14.1
1,32,UFA,"$7,897,436 ","$8,698,153 ",2017,17.7,2.3,4.2,0.547,0,0,0.333,2.3,4.1,0.55,0.549,0.6,0.8,0.7,0.4,1.6,2,1.8,0.5,0.3,0.8,1.6,5.1
2,33,UFA,"$23,000,000 ","$25,331,959 ",2017,28.2,5.1,11.4,0.445,2.6,6,0.429,2.5,5.4,0.462,0.558,2.3,2.6,0.891,0.1,2.1,2.2,1.4,0.7,0.2,1.3,1.6,15
2,36,UFA,"$7,353,333 ","$8,098,884 ",2017,26.2,3.6,7.7,0.464,2.4,5.4,0.451,1.1,2.3,0.494,0.621,0.6,0.6,0.905,0.1,2.7,2.8,1.6,0.5,0.3,1,1.6,10.1
3,28,UFA,"$10,500,000 ","$11,564,590 ",2017,25.7,4.6,10.4,0.445,1.8,4.8,0.367,2.9,5.6,0.512,0.53,2.7,3,0.893,0.5,3,3.4,1.4,0.4,0.1,1.6,1.8,13.7
2,25,RFA,"$7,000,000 ","$7,709,727 ",2017,20.2,2.8,7.4,0.38,1.6,4.2,0.39,1.2,3.2,0.367,0.49,0.7,0.9,0.797,0.4,1.7,2.1,1.3,0.6,0.1,0.6,1.3,7.9
3,28,UFA,"$6,666,667 ","$7,342,597 ",2017,17.8,2.3,5.4,0.42,0.4,1.3,0.294,1.9,4.1,0.461,0.456,1.3,1.7,0.75,0.3,1.8,2.1,1.6,0.6,0.3,1,1.9,6.2
1,30,UFA,"$10,000,000 ","$11,013,895 ",2017,30.3,5,10.5,0.476,1.1,2.6,0.417,3.9,7.9,0.495,0.527,2.2,2.5,0.86,0.3,1.9,2.2,4.6,1,0.1,1.7,1.8,13.2
2,24,UFA,"$17,745,894 ","$19,545,141 ",2017,33.3,4.9,12.2,0.399,2,5.8,0.35,2.9,6.5,0.442,0.481,2,2.4,0.832,0.7,2.5,3.3,2.5,1.2,0.2,1.1,1.6,13.8
3,31,UFA,"$8,616,150 ","$9,489,737 ",2017,33.8,6.7,14.7,0.455,1.4,3.8,0.372,5.3,11,0.483,0.502,3.9,4.6,0.855,1.2,5.2,6.3,2.8,1.5,0.9,2.5,2.6,18.7
4,24,RFA,"$5,666,667 ","$6,241,208 ",2017,15.1,2.9,5.7,0.517,0,0,0,2.9,5.7,0.519,0.517,1.5,2.4,0.625,2,4.2,6.2,0.5,0.6,0.7,0.8,2.7,7.4
4,28,UFA,"$5,451,600 ","$6,004,335 ",2017,24.6,2.4,5.9,0.401,1.4,3.9,0.372,0.9,2,0.458,0.523,0.7,0.9,0.717,1,3.6,4.5,1.2,0.6,0.4,0.6,1.8,6.8
4,27,RFA,"$8,100,000 ","$8,921,255 ",2017,27.3,3.2,6.5,0.5,0.7,1.9,0.379,2.5,4.6,0.549,0.555,1.7,2.2,0.802,2.2,4.9,7.1,1.1,0.6,0.4,1.2,3.2,8.9
5,28,UFA,"$7,050,000 ","$7,764,796 ",2017,17.5,2.1,3.4,0.622,0,0,0,2.1,3.4,0.622,0.622,0.9,1.2,0.699,1.7,4.8,6.5,0.6,0.5,0.8,0.8,2.4,5.1
4,26,RFA,"$12,500,000 ","$13,767,369 ",2017,24,3.7,8.9,0.413,1.8,5.4,0.342,1.8,3.5,0.52,0.516,1.4,1.8,0.773,0.9,4.6,5.5,1.1,0.8,0.8,1.1,1.8,10.6
1,27,UFA,"$6,000,000 ","$6,608,337 ",2017,21.9,3.1,6.9,0.446,0.7,2.2,0.308,2.4,4.7,0.51,0.495,1,1.4,0.688,0.4,1.9,2.3,2.8,0.8,0.1,1.6,1.8,7.8
5,30,UFA,"$11,000,000 ","$12,115,285 ",2017,20.1,2.7,4.6,0.576,0.3,0.8,0.409,2.3,3.8,0.612,0.612,0.8,1.3,0.67,1.5,3.1,4.6,1.8,0.6,0.8,1,2.6,6.5
5,35,UFA,"$3,651,480 ","$4,021,702 ",2017,17.9,3.7,5.9,0.617,0,0.1,0.333,3.6,5.8,0.624,0.621,1.7,2.9,0.589,1.4,2.8,4.2,1,0.8,0.6,1.1,2.4,9.1
2,24,UFA,"$5,330,000 ","$5,870,406 ",2017,19.3,3,6.9,0.43,1.1,2.8,0.382,1.9,4.1,0.462,0.507,1.1,1.5,0.753,0.3,1.8,2.1,0.8,0.5,0.1,1,1.8,8.1
3,33,UFA,"$5,250,000 ","$5,782,295 ",2017,25.7,2.8,6.4,0.441,0.7,1.9,0.342,2.1,4.4,0.484,0.492,0.9,1.2,0.733,0.9,3.5,4.4,1.7,1.5,0.5,0.9,1.6,7.2
4,26,UFA,"$5,000,000 ","$5,506,948 ",2017,17.7,2.4,4.8,0.504,0.7,1.6,0.418,1.8,3.2,0.546,0.573,0.7,0.9,0.766,1.1,2.3,3.4,1.4,0.4,0.6,0.8,1.4,6.2
2,28,UFA,"$4,500,000 ","$4,956,253 ",2017,20,2.8,6.6,0.433,1.2,3.3,0.355,1.7,3.2,0.513,0.523,0.8,1,0.825,0.3,2.4,2.7,1.2,0.8,0.4,0.8,1.3,7.7
2,24,UFA,"$4,436,200 ","$4,885,984 ",2017,16.5,1.6,4.2,0.378,0.4,1.7,0.267,1.1,2.5,0.45,0.431,0.5,0.8,0.651,0.2,1.7,1.9,2.1,0.7,0.2,1.1,1.4,4.1
2,37,UFA,"$4,436,200 ","$4,885,984 ",2017,26.3,4.4,10.6,0.413,1.4,3.9,0.36,3,6.7,0.443,0.479,2.1,2.5,0.857,0.2,1.4,1.6,2.6,0.7,0.2,1.6,1.4,12.3
4,30,UFA,"$4,100,000 ","$4,515,697 ",2017,15.8,1.5,3.4,0.435,0.6,1.7,0.346,0.9,1.7,0.523,0.521,0.3,0.5,0.703,0.8,2.7,3.5,0.9,0.3,0.2,0.5,1.6,3.8
2,40,UFA,"$8,000,000 ","$8,811,116 ",2017,24.6,2.6,6.7,0.394,1.5,4.1,0.378,1.1,2.7,0.418,0.508,1.2,1.6,0.765,0.5,2.6,3.1,1.8,0.8,0.5,0.7,2.2,8
2,30,UFA,"$3,372,250 ","$3,714,161 ",2017,20.5,2.9,7.1,0.402,1.6,3.8,0.409,1.3,3.3,0.395,0.512,1.8,2.1,0.878,0.1,2,2.1,1.3,0.9,0.1,1,1.1,9.1
4,30,UFA,"$6,000,000 ","$6,608,337 ",2017,26.1,4.7,10.9,0.431,1.7,4.9,0.353,3,6,0.496,0.511,2,2.5,0.778,1.4,4.5,5.9,1.7,0.7,0.3,1.4,2.6,13.1
2,32,UFA,"$5,192,000 ","$5,718,414 ",2017,25.9,4.5,10.6,0.43,2.8,7,0.404,1.7,3.5,0.481,0.564,1.3,1.5,0.856,0.4,1.9,2.3,1,0.6,0.2,0.6,2.3,13.2
2,26,RFA,"$2,500,000 ","$2,753,474 ",2017,15.1,1.7,4.1,0.422,0.9,2.4,0.384,0.8,1.8,0.473,0.531,0.2,0.2,0.714,0.4,1.6,2.1,0.9,0.6,0.1,0.3,0.7,4.5
4,39,UFA,"$5,000,000 ","$5,506,948 ",2017,26.4,5.5,12.6,0.437,1.5,3.9,0.378,4,8.7,0.463,0.495,1.8,2.1,0.875,0.4,6.1,6.5,1.5,0.6,0.7,0.9,2.1,14.2
3,22,RFA,"$1,564,356 ","$1,722,965 ",2017,18.6,2.4,5.6,0.437,0.6,2.1,0.29,1.8,3.5,0.524,0.491,0.7,1.1,0.656,0.5,1.8,2.3,0.8,0.9,0.3,1.1,2,6.2
5,30,UFA,"$4,328,000 ","$4,766,814 ",2017,15.5,1.9,3.7,0.513,0,0,0,1.9,3.7,0.513,0.513,1.1,1.3,0.84,1.5,3,4.4,0.4,0.2,0.5,0.7,2.2,4.9
5,23,RFA,"$4,187,598 ","$4,612,177 ",2017,20.5,3.6,6.1,0.595,0,0,0,3.6,6,0.597,0.595,1.5,2.2,0.694,1.8,3.9,5.8,1,1.3,1,1,2.5,8.7
5,27,UFA,"$1,821,740 ","$2,006,445 ",2017,10.3,1.5,3.1,0.494,0,0,0,1.5,3.1,0.497,0.494,0.4,0.8,0.564,0.8,1.6,2.4,0.8,0.1,0.4,0.4,1.2,3.5
5,33,UFA,"$3,477,600 ","$3,830,192 ",2017,18.1,2.3,4.4,0.534,0,0,0,2.3,4.4,0.538,0.534,1.4,1.8,0.778,2,3.9,5.9,1.9,0.8,0.5,1.2,2.4,6.1
2,24,UFA,"$1,686,123 ","$1,857,078 ",2017,19.4,3.7,7.7,0.482,0.6,1.9,0.338,3.1,5.8,0.528,0.523,1.9,2.4,0.774,1.1,1.7,2.8,0.4,0.3,0.1,0.7,1.1,9.9
5,27,UFA,"$1,686,123 ","$1,857,078 ",2017,8.5,1.1,2,0.534,0,0,0,1.1,2,0.539,0.534,0.7,0.9,0.75,1,1.4,2.4,0.1,0.3,0.6,0.3,1,2.9
1,31,UFA,"$3,300,000 ","$3,634,585 ",2017,26.7,3.3,8.1,0.408,0.7,1.9,0.376,2.6,6.2,0.418,0.453,0.4,0.7,0.6,1.1,4.1,5.1,6.7,1.4,0.2,2.4,2.1,7.8
4,25,UFA,"$3,290,000 ","$3,623,571 ",2017,16.3,2.2,4.4,0.51,0,0,0.5,2.2,4.4,0.51,0.512,1.2,1.6,0.752,2.1,3,5.1,0.6,0.4,0.7,0.9,2.6,5.7
4,32,UFA,"$3,290,000 ","$3,623,571 ",2017,22.7,2.4,5.4,0.442,1.4,3.5,0.391,1,1.9,0.537,0.57,0.9,1.3,0.744,0.8,2.9,3.6,1.2,0.5,0.3,0.9,1.7,7.1
2,28,UFA,"$3,290,000 ","$3,623,571 ",2017,19.7,3.8,9.3,0.405,1.1,3,0.356,2.7,6.3,0.429,0.462,1.7,2.3,0.75,0.3,3.1,3.4,3.1,0.9,0.2,1.5,1.5,10.3
1,23,UFA,"$1,590,199 ","$1,751,428 ",2017,11.1,1.7,3.9,0.433,0.5,1.3,0.386,1.2,2.6,0.457,0.498,0.4,0.5,0.84,0.2,0.7,0.8,1.6,0.5,0,0.8,1.1,4.3
4,26,UFA,"$1,590,199 ","$1,751,428 ",2017,14,2.1,4.8,0.44,0.5,1.4,0.337,1.6,3.4,0.483,0.49,0.7,1,0.63,1,2.6,3.6,1,0.4,0.1,0.8,1.2,5.4
5,20,UFA,"$1,428,781 ","$1,573,644 ",2017,3.4,0.4,1.9,0.231,0,0,0,0.4,1.9,0.231,0.231,0.6,0.6,1,0.1,0.7,0.9,0,0,0.1,0.3,0.7,1.4
1,24,UFA,"$1,428,781 ","$1,573,644 ",2017,13.4,2.4,4.7,0.5,0.8,1.9,0.423,1.6,2.9,0.55,0.583,0.1,0.4,0.4,0.1,0.4,0.5,1.9,0.3,0,0.9,0.9,5.6
2,23,UFA,"$1,428,781 ","$1,573,644 ",2017,16.9,1.8,4.1,0.431,0.5,2,0.25,1.3,2.1,0.6,0.491,1,1.6,0.636,0.1,1.1,1.1,0.9,0.4,0.1,0.9,1.3,5.1
1,25,UFA,"$2,700,000 ","$2,973,752 ",2017,18.8,2.5,6.8,0.366,0.3,1.4,0.234,2.2,5.4,0.401,0.391,1.3,1.7,0.753,0.5,2.9,3.4,2.5,0.8,0.5,1.5,2.3,6.6
